calibration method,metric,model,comb,comb (post cal)
MAP_CI,ECE (W),0.0226662739201726,0.015448406282611703,0.01125847148675424
MAP_CI,ECE (M),0.021948246020426485,0.0146556965376376,0.011407075946757333
MAP_CI,cwECE (WT),0.037661883872021226,0.02623863649476351,0.02401118536398033
MAP_CI,cwECE (MT),0.018975631118455648,0.011795659775153008,0.010342968282538206
MAP_CI,cwECE (WNT),0.005764567538668676,0.003801888946208586,0.0032751494433451447
MAP_CI,cwECE (MNT),0.0028919684052926818,0.0010670773686578543,0.0011078555178909305
MAP_CI,NLL,0.15374799537531772,0.09432655364615435,0.07881197103668011
MAP_CI,ECE (W),0.0226662739201726,0.015448406282611703,0.01125847148675424
MAP_CI,ECE (M),0.021948246020426485,0.0146556965376376,0.011407075946757333
MAP_CI,cwECE (WT),0.037661883872021226,0.02623863649476351,0.02401118536398033
MAP_CI,cwECE (MT),0.018975631118455648,0.011795659775153008,0.010342968282538206
MAP_CI,cwECE (WNT),0.005764567538668676,0.003801888946208586,0.0032751494433451447
MAP_CI,cwECE (MNT),0.0028919684052926818,0.0010670773686578543,0.0011078555178909305
MAP_CI,NLL,0.15374799537531772,0.09432655364615435,0.07881197103668011
uncal_MAP_CI,ECE (W),0.02897146127174892,0.019350163375579595,0.01664741950308261
uncal_MAP_CI,ECE (M),0.026738578680310852,0.01889777522485347,0.016668310400527346
uncal_MAP_CI,cwECE (WT),0.04023165258422056,0.026110287267120474,0.02735717191076039
uncal_MAP_CI,cwECE (MT),0.02406916372571501,0.01639976929493034,0.013525413888157678
uncal_MAP_CI,cwECE (WNT),0.006635107219361539,0.00421598273492306,0.003979157825371424
uncal_MAP_CI,cwECE (MNT),0.0027868092702522658,0.0012395118627160774,0.0012000049103333844
uncal_MAP_CI,NLL,0.19136625483669434,0.1212438480244735,0.0971239070993725
MAP_CI,ECE (W),0.020086176716427335,0.013657584105113583,0.010531941037589594
MAP_CI,ECE (M),0.018523808299012755,0.01315633214366843,0.01035021463779961
MAP_CI,cwECE (WT),0.033425291104113034,0.0245937113477911,0.02562630754689501
MAP_CI,cwECE (MT),0.0155845525832328,0.010493838010060033,0.008977571780610372
MAP_CI,cwECE (WNT),0.005073603968291396,0.003638984344650921,0.003382817589983854
MAP_CI,cwECE (MNT),0.0025038210315888997,0.0011208645958321883,0.0011224480924684516
MAP_CI,NLL,0.14208889779611697,0.08935669738359567,0.07520804162922795
MAP_CI,ECE (W),0.020086176716427335,0.013657584105113583,0.010531941037589594
MAP_CI,ECE (M),0.018523808299012755,0.01315633214366843,0.01035021463779961
MAP_CI,cwECE (WT),0.033425291104113034,0.0245937113477911,0.02562630754689501
MAP_CI,cwECE (MT),0.0155845525832328,0.010493838010060033,0.008977571780610372
MAP_CI,cwECE (WNT),0.005073603968291396,0.003638984344650921,0.003382817589983854
MAP_CI,cwECE (MNT),0.0025038210315888997,0.0011208645958321883,0.0011224480924684516
MAP_CI,NLL,0.14208889779611697,0.08935669738359567,0.07520804162922795
uncal_MAP_CI,ECE (W),0.024820875080646766,0.016835136368272437,0.01429811292814761
uncal_MAP_CI,ECE (M),0.022898609431720306,0.015660120417097273,0.013476629441290253
uncal_MAP_CI,cwECE (WT),0.03457837894737957,0.024394056478941356,0.02476932575195351
uncal_MAP_CI,cwECE (MT),0.020249623167780735,0.013763806685331698,0.010906579887702477
uncal_MAP_CI,cwECE (WNT),0.005724378726085535,0.0039046738301201193,0.0037159571860166745
uncal_MAP_CI,cwECE (MNT),0.0025403037173782348,0.0012058661208309881,0.0012003795227108246
uncal_MAP_CI,NLL,0.17477165792297342,0.11254741780881265,0.09027861138560647
MAP_CI,ECE (W),0.017165825295661467,0.011337127229432548,0.010256315769031035
MAP_CI,ECE (M),0.015183223870496202,0.01080444012650751,0.008081426216078106
MAP_CI,cwECE (WT),0.03427446282310962,0.021974192959015097,0.02183343801719755
MAP_CI,cwECE (MT),0.018905462013191026,0.010555170365141761,0.009452859645836007
MAP_CI,cwECE (WNT),0.004991438875651201,0.0032543863038370807,0.00302509104935689
MAP_CI,cwECE (MNT),0.002318449913849514,0.0010259846929847913,0.0010162864306400214
MAP_CI,NLL,0.12413884789780393,0.07337015415514603,0.06201708045582564
MAP_CI,ECE (W),0.017165825295661467,0.011337127229432548,0.010256315769031035
MAP_CI,ECE (M),0.015183223870496202,0.01080444012650751,0.008081426216078106
MAP_CI,cwECE (WT),0.03427446282310962,0.021974192959015097,0.02183343801719755
MAP_CI,cwECE (MT),0.018905462013191026,0.010555170365141761,0.009452859645836007
MAP_CI,cwECE (WNT),0.004991438875651201,0.0032543863038370807,0.00302509104935689
MAP_CI,cwECE (MNT),0.002318449913849514,0.0010259846929847913,0.0010162864306400214
MAP_CI,NLL,0.12413884789780393,0.07337015415514603,0.06201708045582564
uncal_MAP_CI,ECE (W),0.022133656439802567,0.015321277266740435,0.014069325640948217
uncal_MAP_CI,ECE (M),0.019938223499339207,0.011943838642503977,0.009937250800070564
uncal_MAP_CI,cwECE (WT),0.034045152605863126,0.02367396931175343,0.024323510538916123
uncal_MAP_CI,cwECE (MT),0.022645703870554493,0.011776697671295381,0.0100727306073947
uncal_MAP_CI,cwECE (WNT),0.005494398083668097,0.0035773091711080026,0.0034103247484798004
uncal_MAP_CI,cwECE (MNT),0.0022509196684039655,0.0010299538326826517,0.001027367742093809
uncal_MAP_CI,NLL,0.15175840939180596,0.09033265292128285,0.07304066140617695
MAP_CI,ECE (W),0.014955748600314955,0.012170916083734374,0.009879599187448644
MAP_CI,ECE (M),0.011795326422860434,0.01218018057123834,0.009347884227779692
MAP_CI,cwECE (WT),0.02962667110398549,0.021343914335498024,0.02282644282918244
MAP_CI,cwECE (MT),0.012271752770632685,0.010791264041765397,0.008685735439414892
MAP_CI,cwECE (WNT),0.004213856312873867,0.003082176720747782,0.0029516966327056996
MAP_CI,cwECE (MNT),0.0020162532287900554,0.0011589410028504659,0.0011347722044451653
MAP_CI,NLL,0.11236439228152242,0.06726860829939958,0.057223792003889884
MAP_CI,ECE (W),0.014955748600314955,0.012170916083734374,0.009879599187448644
MAP_CI,ECE (M),0.011795326422860434,0.01218018057123834,0.009347884227779692
MAP_CI,cwECE (WT),0.02962667110398549,0.021343914335498024,0.02282644282918244
MAP_CI,cwECE (MT),0.012271752770632685,0.010791264041765397,0.008685735439414892
MAP_CI,cwECE (WNT),0.004213856312873867,0.003082176720747782,0.0029516966327056996
MAP_CI,cwECE (MNT),0.0020162532287900554,0.0011589410028504659,0.0011347722044451653
MAP_CI,NLL,0.11236439228152242,0.06726860829939958,0.057223792003889884
uncal_MAP_CI,ECE (W),0.019377170457682495,0.013490131216382867,0.011294615816703992
uncal_MAP_CI,ECE (M),0.016641195110310786,0.013173325409106502,0.011203500111350786
uncal_MAP_CI,cwECE (WT),0.03115184886105628,0.02137336677295141,0.021999726063828735
uncal_MAP_CI,cwECE (MT),0.015300376625873658,0.011345442083346114,0.009622082551422976
uncal_MAP_CI,cwECE (WNT),0.0048494014657248005,0.003216284482308189,0.003071228743509481
uncal_MAP_CI,cwECE (MNT),0.00203312988693855,0.0010892129820616672,0.0010546701043967594
uncal_MAP_CI,NLL,0.13566548240346757,0.08131120954994998,0.06611535742770516
MAP_CI,ECE (W),0.02101368628427531,0.01398233959752954,0.011695160647637383
MAP_CI,ECE (M),0.01948896374816954,0.012899825913646589,0.009798306786620699
MAP_CI,cwECE (WT),0.03579037223867154,0.023499537219631363,0.02273892168206418
MAP_CI,cwECE (MT),0.018471039362452354,0.011593905369563623,0.009877101673601884
MAP_CI,cwECE (WNT),0.005677441750283923,0.003506762929378261,0.003191994540513296
MAP_CI,cwECE (MNT),0.002340022283535247,0.001026617872241289,0.0010364564938689386
MAP_CI,NLL,0.15480095410334654,0.09164371622498584,0.07647707722077249
MAP_CI,ECE (W),0.02101368628427531,0.01398233959752954,0.011695160647637383
MAP_CI,ECE (M),0.01948896374816954,0.012899825913646589,0.009798306786620699
MAP_CI,cwECE (WT),0.03579037223867154,0.023499537219631363,0.02273892168206418
MAP_CI,cwECE (MT),0.018471039362452354,0.011593905369563623,0.009877101673601884
MAP_CI,cwECE (WNT),0.005677441750283923,0.003506762929378261,0.003191994540513296
MAP_CI,cwECE (MNT),0.002340022283535247,0.001026617872241289,0.0010364564938689386
MAP_CI,NLL,0.15480095410334654,0.09164371622498584,0.07647707722077249
uncal_MAP_CI,ECE (W),0.026607801756582828,0.01638992947021011,0.014168923595350966
uncal_MAP_CI,ECE (M),0.024229375577963813,0.01639032222588501,0.014182924563306259
uncal_MAP_CI,cwECE (WT),0.03905416909462018,0.025249431571506185,0.02439851255507807
uncal_MAP_CI,cwECE (MT),0.022636159502267196,0.01402812103454103,0.012027439493442723
uncal_MAP_CI,cwECE (WNT),0.006410598973273199,0.003999569940464642,0.0037015965131687394
uncal_MAP_CI,cwECE (MNT),0.0022746816601353264,0.0009637176400549497,0.0009456638324741855
uncal_MAP_CI,NLL,0.1907297931656986,0.11853520725669588,0.09520684382010652
MAP_CI,ECE (W),0.019275509312031473,0.012946764783560976,0.010060121271987833
MAP_CI,ECE (M),0.017004267576347095,0.012955077642875441,0.010210370459948754
MAP_CI,cwECE (WT),0.03388003869351421,0.022963169956937136,0.023263621766110805
MAP_CI,cwECE (MT),0.020252773238440047,0.008522463463624574,0.006366916773207977
MAP_CI,cwECE (WNT),0.005127511828301595,0.003173557953676038,0.003092647924898925
MAP_CI,cwECE (MNT),0.002261362454546128,0.000695140722085252,0.0006682002276343919
MAP_CI,NLL,0.13286794924391265,0.07745078902612913,0.06562373095120314
MAP_CI,ECE (W),0.019275509312031473,0.012946764783560976,0.010060121271987833
MAP_CI,ECE (M),0.017004267576347095,0.012955077642875441,0.010210370459948754
MAP_CI,cwECE (WT),0.03388003869351421,0.022963169956937136,0.023263621766110805
MAP_CI,cwECE (MT),0.020252773238440047,0.008522463463624574,0.006366916773207977
MAP_CI,cwECE (WNT),0.005127511828301595,0.003173557953676038,0.003092647924898925
MAP_CI,cwECE (MNT),0.002261362454546128,0.000695140722085252,0.0006682002276343919
MAP_CI,NLL,0.13286794924391265,0.07745078902612913,0.06562373095120314
uncal_MAP_CI,ECE (W),0.02481624638464186,0.0166703003819199,0.013762952802973861
uncal_MAP_CI,ECE (M),0.021609652429271275,0.01426813479867172,0.012194642628532348
uncal_MAP_CI,cwECE (WT),0.0363398266414577,0.02566833587763211,0.026135750146012715
uncal_MAP_CI,cwECE (MT),0.022003416426893768,0.012194404384402663,0.009645689358059043
uncal_MAP_CI,cwECE (WNT),0.005827431456529196,0.0038325271910483105,0.003514418877319071
uncal_MAP_CI,cwECE (MNT),0.002246852262036164,0.0008283289174970756,0.0008061649714701027
uncal_MAP_CI,NLL,0.16355834984340706,0.09873755721492508,0.07996758969991985
MAP_CI,ECE (W),0.01860493220393246,0.011744029204926483,0.009204328950346344
MAP_CI,ECE (M),0.01667913298214847,0.01035734428301567,0.007509377093328396
MAP_CI,cwECE (WT),0.03279043163824115,0.021909198869129797,0.023467299614504035
MAP_CI,cwECE (MT),0.01644675627907635,0.00971896010195859,0.00919795361376868
MAP_CI,cwECE (WNT),0.004915201659112637,0.0031591303366868126,0.0030748650460673474
MAP_CI,cwECE (MNT),0.0024627288857095525,0.0009801134690606388,0.0009726103288538905
MAP_CI,NLL,0.1337268335802895,0.0814789862798457,0.06843840765137107
MAP_CI,ECE (W),0.01860493220393246,0.011744029204926483,0.009204328950346344
MAP_CI,ECE (M),0.01667913298214847,0.01035734428301567,0.007509377093328396
MAP_CI,cwECE (WT),0.03279043163824115,0.021909198869129797,0.023467299614504035
MAP_CI,cwECE (MT),0.01644675627907635,0.00971896010195859,0.00919795361376868
MAP_CI,cwECE (WNT),0.004915201659112637,0.0031591303366868126,0.0030748650460673474
MAP_CI,cwECE (MNT),0.0024627288857095525,0.0009801134690606388,0.0009726103288538905
MAP_CI,NLL,0.1337268335802895,0.0814789862798457,0.06843840765137107
uncal_MAP_CI,ECE (W),0.022647487909126213,0.014714168534580505,0.012672991655388469
uncal_MAP_CI,ECE (M),0.021235771798130253,0.013187881061902997,0.011210493801506542
uncal_MAP_CI,cwECE (WT),0.0349929390441165,0.02274632787908809,0.023265842717718678
uncal_MAP_CI,cwECE (MT),0.018679174585049738,0.011867478125188954,0.01070906134598955
uncal_MAP_CI,cwECE (WNT),0.005487297889158778,0.0035295801886173718,0.00338387765034408
uncal_MAP_CI,cwECE (MNT),0.0024453421026802056,0.0009972382489847249,0.0010886117468019026
uncal_MAP_CI,NLL,0.1642602136429005,0.10258426910210242,0.08272167001290491
MAP_CI,ECE (W),0.020252889700823437,0.01362149731056117,0.010344751094967304
MAP_CI,ECE (M),0.015418859370482292,0.012908392379329885,0.010214958281942564
MAP_CI,cwECE (WT),0.03280846229412897,0.024674559611413502,0.023118185523315328
MAP_CI,cwECE (MT),0.016468281890677956,0.011902354387173143,0.01126056384197782
MAP_CI,cwECE (WNT),0.0050708128276460915,0.00353560820878299,0.0031998143890296115
MAP_CI,cwECE (MNT),0.0022311597982559244,0.0013631651037136364,0.001374978542334883
MAP_CI,NLL,0.13374096989946768,0.08894082114562572,0.0739508969156066
MAP_CI,ECE (W),0.020252889700823437,0.01362149731056117,0.010344751094967304
MAP_CI,ECE (M),0.015418859370482292,0.012908392379329885,0.010214958281942564
MAP_CI,cwECE (WT),0.03280846229412897,0.024674559611413502,0.023118185523315328
MAP_CI,cwECE (MT),0.016468281890677956,0.011902354387173143,0.01126056384197782
MAP_CI,cwECE (WNT),0.0050708128276460915,0.00353560820878299,0.0031998143890296115
MAP_CI,cwECE (MNT),0.0022311597982559244,0.0013631651037136364,0.001374978542334883
MAP_CI,NLL,0.13374096989946768,0.08894082114562572,0.0739508969156066
uncal_MAP_CI,ECE (W),0.023023240349583373,0.01640268443807077,0.01447328295664636
uncal_MAP_CI,ECE (M),0.01950155841161295,0.016317884351997124,0.014418896765158791
uncal_MAP_CI,cwECE (WT),0.03267674693031082,0.024820693572607508,0.025030885901756682
uncal_MAP_CI,cwECE (MT),0.02042878510150757,0.01548231794834179,0.012837031534996504
uncal_MAP_CI,cwECE (WNT),0.005550738969380081,0.0038997591987061644,0.0036112750603732166
uncal_MAP_CI,cwECE (MNT),0.0023178821595391834,0.0013007336091259009,0.0012555220909300812
uncal_MAP_CI,NLL,0.165477113160482,0.11152342471796556,0.08918864935484756
MAP_CI,ECE (W),0.019414822466059915,0.014269754306617956,0.011086699325077172
MAP_CI,ECE (M),0.01835317610536756,0.013810867849372483,0.010681971352843128
MAP_CI,cwECE (WT),0.03534778211339073,0.024610041120598634,0.025523043837708936
MAP_CI,cwECE (MT),0.018891770540479216,0.010961416683117597,0.00935801037984708
MAP_CI,cwECE (WNT),0.005165275896754947,0.003516467833339902,0.003311530774699971
MAP_CI,cwECE (MNT),0.002432902430842381,0.001122683693717984,0.0011376853559305847
MAP_CI,NLL,0.13942776949340677,0.08186882992733042,0.06985597503428696
MAP_CI,ECE (W),0.019414822466059915,0.014269754306617956,0.011086699325077172
MAP_CI,ECE (M),0.01835317610536756,0.013810867849372483,0.010681971352843128
MAP_CI,cwECE (WT),0.03534778211339073,0.024610041120598634,0.025523043837708936
MAP_CI,cwECE (MT),0.018891770540479216,0.010961416683117597,0.00935801037984708
MAP_CI,cwECE (WNT),0.005165275896754947,0.003516467833339902,0.003311530774699971
MAP_CI,cwECE (MNT),0.002432902430842381,0.001122683693717984,0.0011376853559305847
MAP_CI,NLL,0.13942776949340677,0.08186882992733042,0.06985597503428696
uncal_MAP_CI,ECE (W),0.024507125464146004,0.017139662331736992,0.01489406353432591
uncal_MAP_CI,ECE (M),0.024105016447561398,0.01659601543169832,0.014205641218842368
uncal_MAP_CI,cwECE (WT),0.03727623043121248,0.024896393284774214,0.026143576425618535
uncal_MAP_CI,cwECE (MT),0.022424188323842686,0.01471235824281685,0.01240251092425014
uncal_MAP_CI,cwECE (WNT),0.005927837746463138,0.003865255847589291,0.003686896294053485
uncal_MAP_CI,cwECE (MNT),0.0024029723289440965,0.0012861245342375483,0.0012562022291448425
uncal_MAP_CI,NLL,0.1736877266183823,0.1057241373815291,0.08550804645834792
MAP_CI,ECE (W),0.020300138200906405,0.013692715367710844,0.010740238418033992
MAP_CI,ECE (M),0.018281627535742324,0.013260847693550388,0.010469973376667075
MAP_CI,cwECE (WT),0.03432051224914258,0.024413227478230642,0.024082553607063364
MAP_CI,cwECE (MT),0.016411266040131805,0.009520734348402615,0.006775314292581913
MAP_CI,cwECE (WNT),0.005275842211113851,0.0035791168458409683,0.00322684013414525
MAP_CI,cwECE (MNT),0.002537590845484287,0.0010073808113754469,0.0010208885576833528
MAP_CI,NLL,0.1418240405647127,0.08370474891639022,0.07070948407058031
MAP_CI,ECE (W),0.020300138200906405,0.013692715367710844,0.010740238418033992
MAP_CI,ECE (M),0.018281627535742324,0.013260847693550388,0.010469973376667075
MAP_CI,cwECE (WT),0.03432051224914258,0.024413227478230642,0.024082553607063364
MAP_CI,cwECE (MT),0.016411266040131805,0.009520734348402615,0.006775314292581913
MAP_CI,cwECE (WNT),0.005275842211113851,0.0035791168458409683,0.00322684013414525
MAP_CI,cwECE (MNT),0.002537590845484287,0.0010073808113754469,0.0010208885576833528
MAP_CI,NLL,0.1418240405647127,0.08370474891639022,0.07070948407058031
uncal_MAP_CI,ECE (W),0.02489147204897349,0.01624318300181075,0.014543518959476974
uncal_MAP_CI,ECE (M),0.023060018794928763,0.015373644622306728,0.013073660660902448
uncal_MAP_CI,cwECE (WT),0.03621440272572139,0.021810804902151426,0.02362254003852614
uncal_MAP_CI,cwECE (MT),0.021130671623727434,0.013707323328120222,0.010711350823796895
uncal_MAP_CI,cwECE (WNT),0.006071057934778873,0.003659902534359242,0.003471007860062713
uncal_MAP_CI,cwECE (MNT),0.00264317560525091,0.001155976350217715,0.0011532449495344076
uncal_MAP_CI,NLL,0.174002496225962,0.10597145345562452,0.08504497463072286
MAP_CI,ECE (W),0.018510775952705547,0.01299965590400659,0.010007199229471683
MAP_CI,ECE (M),0.016316529479253158,0.011643273682256455,0.008532021839530661
MAP_CI,cwECE (WT),0.035275222679920816,0.021328885243866315,0.022504453774247084
MAP_CI,cwECE (MT),0.019760852954634915,0.010720573524665569,0.01028584541505482
MAP_CI,cwECE (WNT),0.005410013849843324,0.0031934839428569258,0.0030804571825584705
MAP_CI,cwECE (MNT),0.002490535274250326,0.0010826633949346772,0.0010593035643729728
MAP_CI,NLL,0.13530620911927396,0.080792594308934,0.0683518983838244
MAP_CI,ECE (W),0.018510775952705547,0.01299965590400659,0.010007199229471683
MAP_CI,ECE (M),0.016316529479253158,0.011643273682256455,0.008532021839530661
MAP_CI,cwECE (WT),0.035275222679920816,0.021328885243866315,0.022504453774247084
MAP_CI,cwECE (MT),0.019760852954634915,0.010720573524665569,0.01028584541505482
MAP_CI,cwECE (WNT),0.005410013849843324,0.0031934839428569258,0.0030804571825584705
MAP_CI,cwECE (MNT),0.002490535274250326,0.0010826633949346772,0.0010593035643729728
MAP_CI,NLL,0.13530620911927396,0.080792594308934,0.0683518983838244
uncal_MAP_CI,ECE (W),0.0232488953101104,0.016062794027267957,0.014199751951413554
uncal_MAP_CI,ECE (M),0.02108390425022725,0.015702657011372374,0.013482227229914765
uncal_MAP_CI,cwECE (WT),0.03642201625170504,0.023846021231237153,0.024632154046589295
uncal_MAP_CI,cwECE (MT),0.022814186212953246,0.014456299169450109,0.012050385566094975
uncal_MAP_CI,cwECE (WNT),0.005838234893408685,0.0037302172356434445,0.003542383019625302
uncal_MAP_CI,cwECE (MNT),0.0024251983727113717,0.0011586692561621733,0.0011371088182461544
uncal_MAP_CI,NLL,0.16556676545567067,0.1007722329634159,0.08153170262170938
MAP_CI,ECE (W),0.016536148734605127,0.012020313013260698,0.010473940554579897
MAP_CI,ECE (M),0.013831820756404219,0.01202730423429061,0.009442295806706445
MAP_CI,cwECE (WT),0.03077901152832791,0.022637503440648445,0.021885043153819846
MAP_CI,cwECE (MT),0.016927259823670077,0.012622592757076629,0.011682061085324697
MAP_CI,cwECE (WNT),0.004573782443970709,0.003254861876402201,0.002954920147697955
MAP_CI,cwECE (MNT),0.0019205608600690095,0.00101151391605423,0.0010485027946686423
MAP_CI,NLL,0.1258152943753597,0.07802075262375788,0.06494016689624933
MAP_CI,ECE (W),0.016536148734605127,0.012020313013260698,0.010473940554579897
MAP_CI,ECE (M),0.013831820756404219,0.01202730423429061,0.009442295806706445
MAP_CI,cwECE (WT),0.03077901152832791,0.022637503440648445,0.021885043153819846
MAP_CI,cwECE (MT),0.016927259823670077,0.012622592757076629,0.011682061085324697
MAP_CI,cwECE (WNT),0.004573782443970709,0.003254861876402201,0.002954920147697955
MAP_CI,cwECE (MNT),0.0019205608600690095,0.00101151391605423,0.0010485027946686423
MAP_CI,NLL,0.1258152943753597,0.07802075262375788,0.06494016689624933
uncal_MAP_CI,ECE (W),0.021626475444179977,0.015429818952549166,0.013211039000105713
uncal_MAP_CI,ECE (M),0.018071125908050642,0.014685437217924726,0.013014377015094692
uncal_MAP_CI,cwECE (WT),0.0336091664237444,0.02306786918026813,0.023107543866453806
uncal_MAP_CI,cwECE (MT),0.019074374160897006,0.01482225006285361,0.013232623512153107
uncal_MAP_CI,cwECE (WNT),0.0053035125833143975,0.003552656834684782,0.0034022163981933737
uncal_MAP_CI,cwECE (MNT),0.0019994618222670436,0.0010206725402769966,0.0010269203995497767
uncal_MAP_CI,NLL,0.15461175256369653,0.10033164106345684,0.08021262245771245
MAP_CI,ECE (W),0.02205954614604675,0.017587213996162938,0.014112315385682642
MAP_CI,ECE (M),0.020462152716078808,0.01726862287417187,0.014244562945750841
MAP_CI,cwECE (WT),0.0361138085043399,0.027974417100868437,0.028839573718034063
MAP_CI,cwECE (MT),0.020873114662522736,0.014600166704268327,0.012191944495590782
MAP_CI,cwECE (WNT),0.005543961739583675,0.004171107902714405,0.003891047212940038
MAP_CI,cwECE (MNT),0.002771816257453077,0.0012303266824967099,0.0012214797878370369
MAP_CI,NLL,0.15266836438946174,0.0933415542396129,0.07799880520223362
MAP_CI,ECE (W),0.02205954614604675,0.017587213996162938,0.014112315385682642
MAP_CI,ECE (M),0.020462152716078808,0.01726862287417187,0.014244562945750841
MAP_CI,cwECE (WT),0.0361138085043399,0.027974417100868437,0.028839573718034063
MAP_CI,cwECE (MT),0.020873114662522736,0.014600166704268327,0.012191944495590782
MAP_CI,cwECE (WNT),0.005543961739583675,0.004171107902714405,0.003891047212940038
MAP_CI,cwECE (MNT),0.002771816257453077,0.0012303266824967099,0.0012214797878370369
MAP_CI,NLL,0.15266836438946174,0.0933415542396129,0.07799880520223362
uncal_MAP_CI,ECE (W),0.026368811378140802,0.02081479831069147,0.018033859449070502
uncal_MAP_CI,ECE (M),0.025112311457568263,0.020267134926058,0.01805267211031651
uncal_MAP_CI,cwECE (WT),0.037733952209296553,0.028108999358223946,0.027796967458487816
uncal_MAP_CI,cwECE (MT),0.023624307324035664,0.01692148951215499,0.014110557262161422
uncal_MAP_CI,cwECE (WNT),0.0062756744772238336,0.004646962316497745,0.0042256061387277765
uncal_MAP_CI,cwECE (MNT),0.0027884664916619922,0.0012804691893747561,0.001272632618782307
uncal_MAP_CI,NLL,0.18840676870375636,0.12049935218839904,0.09661931950117095
MAP_CI,ECE (W),0.01961597490340731,0.013758964872089583,0.010824050632962299
MAP_CI,ECE (M),0.017354762350072918,0.012911182267367835,0.009826613389071516
MAP_CI,cwECE (WT),0.03462782313992942,0.02299054665367045,0.024814087736083075
MAP_CI,cwECE (MT),0.02004814429665372,0.010434523597530058,0.009609650735058288
MAP_CI,cwECE (WNT),0.005157043732571499,0.003325385366053315,0.003165750649062411
MAP_CI,cwECE (MNT),0.0027903440295188055,0.0010652046664587766,0.0010520737871914498
MAP_CI,NLL,0.1330833865469507,0.08507016577091303,0.07136165535722301
MAP_CI,ECE (W),0.01961597490340731,0.013758964872089583,0.010824050632962299
MAP_CI,ECE (M),0.017354762350072918,0.012911182267367835,0.009826613389071516
MAP_CI,cwECE (WT),0.03462782313992942,0.02299054665367045,0.024814087736083075
MAP_CI,cwECE (MT),0.02004814429665372,0.010434523597530058,0.009609650735058288
MAP_CI,cwECE (WNT),0.005157043732571499,0.003325385366053315,0.003165750649062411
MAP_CI,cwECE (MNT),0.0027903440295188055,0.0010652046664587766,0.0010520737871914498
MAP_CI,NLL,0.1330833865469507,0.08507016577091303,0.07136165535722301
uncal_MAP_CI,ECE (W),0.02554856559196085,0.015025320917703804,0.012680840305359448
uncal_MAP_CI,ECE (M),0.022470690755909854,0.014117844194778609,0.011862379412932372
uncal_MAP_CI,cwECE (WT),0.03749428201662812,0.02360639282658884,0.023876769172286996
uncal_MAP_CI,cwECE (MT),0.02193619993793483,0.013296013359136324,0.011135183253038432
uncal_MAP_CI,cwECE (WNT),0.005950671617138241,0.0036759259054431836,0.0034184809069040915
uncal_MAP_CI,cwECE (MNT),0.0028464451473767475,0.0010931892056266217,0.00108065636417244
uncal_MAP_CI,NLL,0.16226142125865495,0.10503631960673294,0.08499615675054888
MAP_CI,ECE (W),0.01953271522129383,0.011935277372572196,0.007815924721015931
MAP_CI,ECE (M),0.018358828914039883,0.010530695302327307,0.007336419175056663
MAP_CI,cwECE (WT),0.034845259020849964,0.021729292593140354,0.021638863493165537
MAP_CI,cwECE (MT),0.01781919861922838,0.00892543326315736,0.006994405148630549
MAP_CI,cwECE (WNT),0.005176604718183918,0.0032022562259310674,0.0028495123619993105
MAP_CI,cwECE (MNT),0.0022184087397061885,0.0009255751570150659,0.0009120344694368822
MAP_CI,NLL,0.13594476791133606,0.08031299985549477,0.06815927296248156
MAP_CI,ECE (W),0.01953271522129383,0.011935277372572196,0.007815924721015931
MAP_CI,ECE (M),0.018358828914039883,0.010530695302327307,0.007336419175056663
MAP_CI,cwECE (WT),0.034845259020849964,0.021729292593140354,0.021638863493165537
MAP_CI,cwECE (MT),0.01781919861922838,0.00892543326315736,0.006994405148630549
MAP_CI,cwECE (WNT),0.005176604718183918,0.0032022562259310674,0.0028495123619993105
MAP_CI,cwECE (MNT),0.0022184087397061885,0.0009255751570150659,0.0009120344694368822
MAP_CI,NLL,0.13594476791133606,0.08031299985549477,0.06815927296248156
uncal_MAP_CI,ECE (W),0.0253043198511168,0.015264767024209824,0.012439154021722621
uncal_MAP_CI,ECE (M),0.0235299132085926,0.014021072215640258,0.011621833590982811
uncal_MAP_CI,cwECE (WT),0.038443968482585765,0.021675084631020584,0.02264027838817618
uncal_MAP_CI,cwECE (MT),0.022758379513141885,0.012577887086795681,0.008746181613184632
uncal_MAP_CI,cwECE (WNT),0.006212717375389347,0.003518181944428941,0.003285680399239548
uncal_MAP_CI,cwECE (MNT),0.002219392778364649,0.0008319337970616117,0.0008129936623605446
uncal_MAP_CI,NLL,0.16877144541709488,0.10240233720811492,0.08301121269231608
MAP_CI,ECE (W),0.01833236993306106,0.011978573071870243,0.009016913607674475
MAP_CI,ECE (M),0.015875925386445035,0.010919574849983559,0.008026926627108704
MAP_CI,cwECE (WT),0.03182647733368146,0.021334005651505148,0.020023076441410197
MAP_CI,cwECE (MT),0.016637734906834272,0.010016887511899258,0.008159758584682646
MAP_CI,cwECE (WNT),0.0048466039985956165,0.0030428064088021045,0.002795479486139469
MAP_CI,cwECE (MNT),0.0022756354862869454,0.0009606023628938995,0.0009626950170948029
MAP_CI,NLL,0.1329547515210294,0.07747706111234486,0.06526370744228946
MAP_CI,ECE (W),0.01833236993306106,0.011978573071870243,0.009016913607674475
MAP_CI,ECE (M),0.015875925386445035,0.010919574849983559,0.008026926627108704
MAP_CI,cwECE (WT),0.03182647733368146,0.021334005651505148,0.020023076441410197
MAP_CI,cwECE (MT),0.016637734906834272,0.010016887511899258,0.008159758584682646
MAP_CI,cwECE (WNT),0.0048466039985956165,0.0030428064088021045,0.002795479486139469
MAP_CI,cwECE (MNT),0.0022756354862869454,0.0009606023628938995,0.0009626950170948029
MAP_CI,NLL,0.1329547515210294,0.07747706111234486,0.06526370744228946
uncal_MAP_CI,ECE (W),0.022304228061714768,0.013825301263614495,0.01237672885593908
uncal_MAP_CI,ECE (M),0.021192347823849905,0.012653041905131784,0.010521174527130459
uncal_MAP_CI,cwECE (WT),0.031403700288263975,0.02082236760500154,0.021632764450129537
uncal_MAP_CI,cwECE (MT),0.01967258049203209,0.011954391014214725,0.009999465652645038
uncal_MAP_CI,cwECE (WNT),0.0053485701277106446,0.0034173066386071144,0.0032340321980773913
uncal_MAP_CI,cwECE (MNT),0.0023389850689878268,0.0008775734345282711,0.0008609958914283558
uncal_MAP_CI,NLL,0.16290218409362164,0.09754987088296972,0.07892230609247332
MAP_CI,ECE (W),0.0185291123432769,0.013776549626672945,0.010377459675063755
MAP_CI,ECE (M),0.0164822911687546,0.013633950932594821,0.01052378305614288
MAP_CI,cwECE (WT),0.03346449618639591,0.023199697257497546,0.0236399900951222
MAP_CI,cwECE (MT),0.014145420688928994,0.013326051914704087,0.01085336186865328
MAP_CI,cwECE (WNT),0.00496209935157034,0.0034017731269399614,0.003124385407416958
MAP_CI,cwECE (MNT),0.0023930339069827833,0.0010075291894993887,0.0010046976493095115
MAP_CI,NLL,0.13506676961503564,0.07325749021486601,0.062107096932300127
MAP_CI,ECE (W),0.0185291123432769,0.013776549626672945,0.010377459675063755
MAP_CI,ECE (M),0.0164822911687546,0.013633950932594821,0.01052378305614288
MAP_CI,cwECE (WT),0.03346449618639591,0.023199697257497546,0.0236399900951222
MAP_CI,cwECE (MT),0.014145420688928994,0.013326051914704087,0.01085336186865328
MAP_CI,cwECE (WNT),0.00496209935157034,0.0034017731269399614,0.003124385407416958
MAP_CI,cwECE (MNT),0.0023930339069827833,0.0010075291894993887,0.0010046976493095115
MAP_CI,NLL,0.13506676961503564,0.07325749021486601,0.062107096932300127
uncal_MAP_CI,ECE (W),0.022797560077380034,0.016037707449113023,0.014108758945058558
uncal_MAP_CI,ECE (M),0.021147898261057948,0.01511701605971023,0.013082023643673842
uncal_MAP_CI,cwECE (WT),0.03506035538743891,0.024679929633948133,0.024323596311461897
uncal_MAP_CI,cwECE (MT),0.01922998287858094,0.013310931231822361,0.011777518403560614
uncal_MAP_CI,cwECE (WNT),0.005632230762417687,0.0037824060787975873,0.003534697483532118
uncal_MAP_CI,cwECE (MNT),0.002492884052189131,0.0009468584451233301,0.0009364563842964729
uncal_MAP_CI,NLL,0.1662523535667033,0.09357130712040464,0.07587560834319178
MAP_CI,ECE (W),0.02336359930119573,0.015000405589497891,0.011867395670499112
MAP_CI,ECE (M),0.020859592723640862,0.012158578970881784,0.008969481396282534
MAP_CI,cwECE (WT),0.03650796976868412,0.02531292481218316,0.025250149303785156
MAP_CI,cwECE (MT),0.01841012651917534,0.011817619027377567,0.010394620010972086
MAP_CI,cwECE (WNT),0.005697990435515242,0.0037356420820264533,0.0034816009109580894
MAP_CI,cwECE (MNT),0.002381584116135229,0.001098104229005002,0.0011326500212167205
MAP_CI,NLL,0.1648925629542677,0.10651149254243426,0.08845634399096072
MAP_CI,ECE (W),0.02336359930119573,0.015000405589497891,0.011867395670499112
MAP_CI,ECE (M),0.020859592723640862,0.012158578970881784,0.008969481396282534
MAP_CI,cwECE (WT),0.03650796976868412,0.02531292481218316,0.025250149303785156
MAP_CI,cwECE (MT),0.01841012651917534,0.011817619027377567,0.010394620010972086
MAP_CI,cwECE (WNT),0.005697990435515242,0.0037356420820264533,0.0034816009109580894
MAP_CI,cwECE (MNT),0.002381584116135229,0.001098104229005002,0.0011326500212167205
MAP_CI,NLL,0.1648925629542677,0.10651149254243426,0.08845634399096072
uncal_MAP_CI,ECE (W),0.027626143022123736,0.018909861777662164,0.016665843520499747
uncal_MAP_CI,ECE (M),0.02566177363986595,0.017797885558487755,0.0155131158852324
uncal_MAP_CI,cwECE (WT),0.039102489304918366,0.026646204568193155,0.025523625685169103
uncal_MAP_CI,cwECE (MT),0.02217686322130242,0.015331451106988636,0.01438826316191819
uncal_MAP_CI,cwECE (WNT),0.006373414577311243,0.004297909635965572,0.004006776719430405
uncal_MAP_CI,cwECE (MNT),0.0023928192861859326,0.0012004054172825803,0.0011763615542876148
uncal_MAP_CI,NLL,0.20388465804740866,0.13436761159507435,0.10709044283616227
MAP_CI,ECE (W),0.020046268339665538,0.014794199516087861,0.011097395051383453
MAP_CI,ECE (M),0.016731653780553645,0.01410039347379212,0.0113130327221515
MAP_CI,cwECE (WT),0.0370460802399261,0.02413886594165588,0.022607003512434887
MAP_CI,cwECE (MT),0.01686363271978876,0.011195245646474925,0.008802521535568982
MAP_CI,cwECE (WNT),0.005353725087940525,0.0035573979293489094,0.0031383241185694343
MAP_CI,cwECE (MNT),0.002223928955776712,0.0008113508087641738,0.0007820009961840514
MAP_CI,NLL,0.13364633707718263,0.08804141155517495,0.07328519345839493
MAP_CI,ECE (W),0.020046268339665538,0.014794199516087861,0.011097395051383453
MAP_CI,ECE (M),0.016731653780553645,0.01410039347379212,0.0113130327221515
MAP_CI,cwECE (WT),0.0370460802399261,0.02413886594165588,0.022607003512434887
MAP_CI,cwECE (MT),0.01686363271978876,0.011195245646474925,0.008802521535568982
MAP_CI,cwECE (WNT),0.005353725087940525,0.0035573979293489094,0.0031383241185694343
MAP_CI,cwECE (MNT),0.002223928955776712,0.0008113508087641738,0.0007820009961840514
MAP_CI,NLL,0.13364633707718263,0.08804141155517495,0.07328519345839493
uncal_MAP_CI,ECE (W),0.024467710373612506,0.017469068395652352,0.016209714214980374
uncal_MAP_CI,ECE (M),0.021660215404524903,0.01747100749685693,0.015349882044073015
uncal_MAP_CI,cwECE (WT),0.037167921923850177,0.026016458774662625,0.026489495119633215
uncal_MAP_CI,cwECE (MT),0.01946513101611058,0.014060770723559466,0.010855259822419566
uncal_MAP_CI,cwECE (WNT),0.005863289569337245,0.004100012047076892,0.003871526106337884
uncal_MAP_CI,cwECE (MNT),0.0021962834152717556,0.0009326555026688565,0.0009137746191414615
uncal_MAP_CI,NLL,0.1630998104023804,0.10957842764509902,0.0880151675552231
MAP_CI,ECE (W),0.01717636642732548,0.012069768613330967,0.009273182886698178
MAP_CI,ECE (M),0.01524871845764601,0.012076904373058618,0.008984414647039524
MAP_CI,cwECE (WT),0.030422779849633097,0.023894180341404447,0.023020027407647053
MAP_CI,cwECE (MT),0.016453004831898745,0.011499225370554469,0.01033878776648962
MAP_CI,cwECE (WNT),0.0048000256502220475,0.003227471449294891,0.0028429998373307648
MAP_CI,cwECE (MNT),0.002021037856837803,0.0011337958723047418,0.0011308157116362444
MAP_CI,NLL,0.1400362669814453,0.06893320090254468,0.05937192580969642
MAP_CI,ECE (W),0.01717636642732548,0.012069768613330967,0.009273182886698178
MAP_CI,ECE (M),0.01524871845764601,0.012076904373058618,0.008984414647039524
MAP_CI,cwECE (WT),0.030422779849633097,0.023894180341404447,0.023020027407647053
MAP_CI,cwECE (MT),0.016453004831898745,0.011499225370554469,0.01033878776648962
MAP_CI,cwECE (WNT),0.0048000256502220475,0.003227471449294891,0.0028429998373307648
MAP_CI,cwECE (MNT),0.002021037856837803,0.0011337958723047418,0.0011308157116362444
MAP_CI,NLL,0.1400362669814453,0.06893320090254468,0.05937192580969642
uncal_MAP_CI,ECE (W),0.02201202937148092,0.01561689037843441,0.013499700679938654
uncal_MAP_CI,ECE (M),0.02010062946603783,0.014903709940730236,0.01262143948533211
uncal_MAP_CI,cwECE (WT),0.03203468701943101,0.02575475431744097,0.024877027750438117
uncal_MAP_CI,cwECE (MT),0.020671723442325256,0.013289944211018279,0.011786264041700389
uncal_MAP_CI,cwECE (WNT),0.005516344782855689,0.00381717851919616,0.0034461804461536987
uncal_MAP_CI,cwECE (MNT),0.002028083530699567,0.0011534292567599196,0.0011338138630174843
uncal_MAP_CI,NLL,0.1725022973905257,0.09073094781560949,0.07363424469318876
MAP_CI,ECE (W),0.01948503711458876,0.016200280552195565,0.012904544929475292
MAP_CI,ECE (M),0.016205005215009307,0.01601613794908199,0.013046480354704315
MAP_CI,cwECE (WT),0.03638168549640704,0.02652367101991434,0.02693363522886764
MAP_CI,cwECE (MT),0.01770502425079599,0.014265106805913016,0.012179234275064028
MAP_CI,cwECE (WNT),0.005410186316225027,0.00396118898375479,0.0037198382202979262
MAP_CI,cwECE (MNT),0.002287087866141242,0.0013247787953328508,0.001290082047031608
MAP_CI,NLL,0.13640200323657645,0.0971454438943233,0.08099728746744982
MAP_CI,ECE (W),0.01948503711458876,0.016200280552195565,0.012904544929475292
MAP_CI,ECE (M),0.016205005215009307,0.01601613794908199,0.013046480354704315
MAP_CI,cwECE (WT),0.03638168549640704,0.02652367101991434,0.02693363522886764
MAP_CI,cwECE (MT),0.01770502425079599,0.014265106805913016,0.012179234275064028
MAP_CI,cwECE (WNT),0.005410186316225027,0.00396118898375479,0.0037198382202979262
MAP_CI,cwECE (MNT),0.002287087866141242,0.0013247787953328508,0.001290082047031608
MAP_CI,NLL,0.13640200323657645,0.0971454438943233,0.08099728746744982
uncal_MAP_CI,ECE (W),0.024477761112130233,0.01893362710349685,0.016731071129195113
uncal_MAP_CI,ECE (M),0.02118957331172459,0.018645118951650986,0.01643075110108508
uncal_MAP_CI,cwECE (WT),0.03602123659539737,0.027642021354524038,0.028770935112638223
uncal_MAP_CI,cwECE (MT),0.020648759792757352,0.01502348368387274,0.01209718993943532
uncal_MAP_CI,cwECE (WNT),0.00590123847578928,0.004297319580532618,0.004040161481705489
uncal_MAP_CI,cwECE (MNT),0.0023138918922055384,0.0013642269369767332,0.0013486147171892012
uncal_MAP_CI,NLL,0.16734670577713828,0.11695977412087667,0.09368487114356354
MAP_CI,ECE (W),0.015628063046856207,0.01077622724362461,0.008547927228008219
MAP_CI,ECE (M),0.011654484495599733,0.009974649800245297,0.007100504301720919
MAP_CI,cwECE (WT),0.0291804790982295,0.019923618216767046,0.021235538153764014
MAP_CI,cwECE (MT),0.013698887974824775,0.009837720402272111,0.008263207586818404
MAP_CI,cwECE (WNT),0.004280396629653743,0.0029025333053552113,0.0029039760109672947
MAP_CI,cwECE (MNT),0.0020101099132584857,0.0009279215592845518,0.0009624269548021913
MAP_CI,NLL,0.11721378617898252,0.06997459586109675,0.05955301353735778
MAP_CI,ECE (W),0.015628063046856207,0.01077622724362461,0.008547927228008219
MAP_CI,ECE (M),0.011654484495599733,0.009974649800245297,0.007100504301720919
MAP_CI,cwECE (WT),0.0291804790982295,0.019923618216767046,0.021235538153764014
MAP_CI,cwECE (MT),0.013698887974824775,0.009837720402272111,0.008263207586818404
MAP_CI,cwECE (WNT),0.004280396629653743,0.0029025333053552113,0.0029039760109672947
MAP_CI,cwECE (MNT),0.0020101099132584857,0.0009279215592845518,0.0009624269548021913
MAP_CI,NLL,0.11721378617898252,0.06997459586109675,0.05955301353735778
uncal_MAP_CI,ECE (W),0.019054199757848524,0.013550687494511774,0.010376702550487272
uncal_MAP_CI,ECE (M),0.016454528340994236,0.011814754258195682,0.00977875493308816
uncal_MAP_CI,cwECE (WT),0.031842623094955606,0.021328973678028145,0.02038930855673497
uncal_MAP_CI,cwECE (MT),0.016765434252687766,0.010469660051583295,0.009030899025413399
uncal_MAP_CI,cwECE (WNT),0.005012728695126678,0.0031837200017632026,0.0029492328069180506
uncal_MAP_CI,cwECE (MNT),0.0019793823933245466,0.0009330914816125484,0.0008910048138081423
uncal_MAP_CI,NLL,0.1425444002495727,0.08706717045718726,0.07046260249295776
MAP_CI,ECE (W),0.017253323652030538,0.012241551912078458,0.009272481749796833
MAP_CI,ECE (M),0.015797423234110954,0.009876032099387732,0.007142843628196711
MAP_CI,cwECE (WT),0.030913344799013965,0.0219156920913564,0.02252179866796593
MAP_CI,cwECE (MT),0.015562606575345184,0.009955069175981504,0.008956715619995847
MAP_CI,cwECE (WNT),0.004720746896003078,0.003281175373520158,0.0030039004795604633
MAP_CI,cwECE (MNT),0.002081069827754502,0.001118601197898516,0.001084710334119083
MAP_CI,NLL,0.1351614648766707,0.08288387106330854,0.06959197717213245
MAP_CI,ECE (W),0.017253323652030538,0.012241551912078458,0.009272481749796833
MAP_CI,ECE (M),0.015797423234110954,0.009876032099387732,0.007142843628196711
MAP_CI,cwECE (WT),0.030913344799013965,0.0219156920913564,0.02252179866796593
MAP_CI,cwECE (MT),0.015562606575345184,0.009955069175981504,0.008956715619995847
MAP_CI,cwECE (WNT),0.004720746896003078,0.003281175373520158,0.0030039004795604633
MAP_CI,cwECE (MNT),0.002081069827754502,0.001118601197898516,0.001084710334119083
MAP_CI,NLL,0.1351614648766707,0.08288387106330854,0.06959197717213245
uncal_MAP_CI,ECE (W),0.022038553923417466,0.014105510280106627,0.012658629725958092
uncal_MAP_CI,ECE (M),0.02056432004115169,0.014076536344289231,0.012052242833292134
uncal_MAP_CI,cwECE (WT),0.034965693197330616,0.021384132691630944,0.021111807181719573
uncal_MAP_CI,cwECE (MT),0.018533731203009017,0.012442599446882984,0.010586890272264367
uncal_MAP_CI,cwECE (WNT),0.005559755617474449,0.003501163844111818,0.0032492244092516935
uncal_MAP_CI,cwECE (MNT),0.002092633371325639,0.0011099715569604053,0.00108403064597382
uncal_MAP_CI,NLL,0.16539411297019307,0.1056672623640243,0.0848932569518015
MAP_CI,ECE (W),0.022552969606978675,0.011746042879346174,0.009216146159349516
MAP_CI,ECE (M),0.02102740235741812,0.010836190797682272,0.007523995009612524
MAP_CI,cwECE (WT),0.03756499998612557,0.022176332867585552,0.02273475681568363
MAP_CI,cwECE (MT),0.020503297345368928,0.009562295479967679,0.0070367283192705925
MAP_CI,cwECE (WNT),0.005611421658345188,0.0032234945365359514,0.0030498798005050894
MAP_CI,cwECE (MNT),0.002176084061619704,0.0008345715241083239,0.0007922662099775584
MAP_CI,NLL,0.14550055075025461,0.07958411760346683,0.06749060184676378
MAP_CI,ECE (W),0.022552969606978675,0.011746042879346174,0.009216146159349516
MAP_CI,ECE (M),0.02102740235741812,0.010836190797682272,0.007523995009612524
MAP_CI,cwECE (WT),0.03756499998612557,0.022176332867585552,0.02273475681568363
MAP_CI,cwECE (MT),0.020503297345368928,0.009562295479967679,0.0070367283192705925
MAP_CI,cwECE (WNT),0.005611421658345188,0.0032234945365359514,0.0030498798005050894
MAP_CI,cwECE (MNT),0.002176084061619704,0.0008345715241083239,0.0007922662099775584
MAP_CI,NLL,0.14550055075025461,0.07958411760346683,0.06749060184676378
uncal_MAP_CI,ECE (W),0.026867767159409407,0.01706738966495914,0.014660297444276302
uncal_MAP_CI,ECE (M),0.026158507469747436,0.015456340466829185,0.01308381558782277
uncal_MAP_CI,cwECE (WT),0.039230817511447545,0.024371485839196256,0.025270929111592434
uncal_MAP_CI,cwECE (MT),0.02459238524512184,0.01316550801676442,0.011321856212491965
uncal_MAP_CI,cwECE (WNT),0.006522238580019274,0.0038213237850063973,0.0036315619583545296
uncal_MAP_CI,cwECE (MNT),0.0021970960595261617,0.0009225251045795524,0.0009220074120421032
uncal_MAP_CI,NLL,0.18136472034894283,0.10414337695154989,0.08412258946565437
MAP_CI,ECE (W),0.01701537628642162,0.011950446704125066,0.009480765277037846
MAP_CI,ECE (M),0.016377024613468214,0.011510913046500095,0.008638606065118973
MAP_CI,cwECE (WT),0.03247384594514356,0.02206140413470769,0.021425044790713603
MAP_CI,cwECE (MT),0.018296000827212864,0.011480337949752225,0.00988567226005313
MAP_CI,cwECE (WNT),0.005018436771507193,0.003086746696916874,0.0027415401315716023
MAP_CI,cwECE (MNT),0.0017560016416026196,0.0009208573341090752,0.0009188714007382906
MAP_CI,NLL,0.13189870775795728,0.06198982920569579,0.053397953838496506
MAP_CI,ECE (W),0.01701537628642162,0.011950446704125066,0.009480765277037846
MAP_CI,ECE (M),0.016377024613468214,0.011510913046500095,0.008638606065118973
MAP_CI,cwECE (WT),0.03247384594514356,0.02206140413470769,0.021425044790713603
MAP_CI,cwECE (MT),0.018296000827212864,0.011480337949752225,0.00988567226005313
MAP_CI,cwECE (WNT),0.005018436771507193,0.003086746696916874,0.0027415401315716023
MAP_CI,cwECE (MNT),0.0017560016416026196,0.0009208573341090752,0.0009188714007382906
MAP_CI,NLL,0.13189870775795728,0.06198982920569579,0.053397953838496506
uncal_MAP_CI,ECE (W),0.02470459559765207,0.01591481715484473,0.013841991614413292
uncal_MAP_CI,ECE (M),0.02094052080922161,0.01464830206855945,0.012635795428569683
uncal_MAP_CI,cwECE (WT),0.03726402893211093,0.021687144021911582,0.02395481004113835
uncal_MAP_CI,cwECE (MT),0.020885044955753728,0.013537269589408813,0.010500547511041533
uncal_MAP_CI,cwECE (WNT),0.005886227087929753,0.0035409922644873957,0.0033869658814256695
uncal_MAP_CI,cwECE (MNT),0.0016962062100830209,0.0008615140962555431,0.0008623614039840255
uncal_MAP_CI,NLL,0.1613181940324263,0.08279179041722168,0.06761589597758924
